Reference, Value, Footprint, Datasheet, Arrow Part Number, Arrow Price/Stock, Description, Height, Manufacturer_Name, Manufacturer_Part_Number, Mouser Part Number, Mouser Price/Stock
"C3","10u","Capacitor_SMD:C_0603_1608Metric_Pad1.08x0.95mm_HandSolder","~"
"C5","0.1u","Capacitor_SMD:C_0603_1608Metric_Pad1.08x0.95mm_HandSolder","~"
"J2","UART_Prog","Connector_PinHeader_2.54mm:PinHeader_1x03_P2.54mm_Vertical","~"
"SW2","EN","Button_Switch_SMD:SW_SPST_B3U-1000P","~"
"SW1","Boot","Button_Switch_SMD:SW_SPST_B3U-1000P","~"
"R12","1k","Resistor_SMD:R_0603_1608Metric_Pad0.98x0.95mm_HandSolder","~"
"R17","51k","Resistor_SMD:R_0603_1608Metric_Pad0.98x0.95mm_HandSolder","~"
"C17","10u","Capacitor_SMD:C_0603_1608Metric_Pad1.08x0.95mm_HandSolder","~"
"R14","10k","Resistor_SMD:R_0603_1608Metric_Pad0.98x0.95mm_HandSolder","~"
"R16","10k","Resistor_SMD:R_0603_1608Metric_Pad0.98x0.95mm_HandSolder","~"
"J1","STM32_Prog","Connector_PinHeader_2.54mm:PinHeader_1x03_P2.54mm_Vertical","~"
"R13","7.5","Resistor_SMD:R_0603_1608Metric_Pad0.98x0.95mm_HandSolder","~"
"D1","LED","LED_SMD:LED_0603_1608Metric_Pad1.05x0.95mm_HandSolder","~"
"R11","1k","Resistor_SMD:R_0603_1608Metric_Pad0.98x0.95mm_HandSolder","~"
"R15","1k","Resistor_SMD:R_0603_1608Metric_Pad0.98x0.95mm_HandSolder","~"
"R18","1k","Resistor_SMD:R_0603_1608Metric_Pad0.98x0.95mm_HandSolder","~"
"JP1","Jumper_NC_Dual","Jumper:SolderJumper-3_P1.3mm_Open_Pad1.0x1.5mm","~"
"SW3","SW_Push","Button_Switch_SMD:SW_SPST_B3U-1000P","~"
"C4","1u","Capacitor_SMD:C_0603_1608Metric_Pad1.08x0.95mm_HandSolder","~"
"C2","10n","Capacitor_SMD:C_0603_1608Metric_Pad1.08x0.95mm_HandSolder","~"
"C12","100n","Capacitor_SMD:C_0603_1608Metric_Pad1.08x0.95mm_HandSolder","~"
"C14","4.7u","Capacitor_SMD:C_0603_1608Metric_Pad1.08x0.95mm_HandSolder","~"
"C9","100n","Capacitor_SMD:C_0603_1608Metric_Pad1.08x0.95mm_HandSolder","~"
"U3","STM32F030K6Tx","Package_QFP:LQFP-32_7x7mm_P0.8mm","http://www.st.com/st-web-ui/static/active/en/resource/technical/document/datasheet/DM00088500.pdf"
"U4","ESP32-WROOM-32U","RF_Module:ESP32-WROOM-32U","https://www.espressif.com/sites/default/files/documentation/esp32-wroom-32d_esp32-wroom-32u_datasheet_en.pdf"
"U2","LM358","Package_SO:SOIC-8_3.9x4.9mm_P1.27mm","http://www.ti.com/lit/ds/symlink/lm2904-n.pdf"
"C13","0.15u","Capacitor_SMD:C_0603_1608Metric_Pad1.08x0.95mm_HandSolder","~"
"R3","1k","Resistor_SMD:R_0603_1608Metric_Pad0.98x0.95mm_HandSolder","~"
"R1","100k","Resistor_SMD:R_0603_1608Metric_Pad0.98x0.95mm_HandSolder","~"
"R4","1k","Resistor_SMD:R_0603_1608Metric_Pad0.98x0.95mm_HandSolder","~"
"R7","100k","Resistor_SMD:R_0603_1608Metric_Pad0.98x0.95mm_HandSolder","~"
"C10","10n","Capacitor_SMD:C_0603_1608Metric_Pad1.08x0.95mm_HandSolder","~"
"R9","1k","Resistor_SMD:R_0603_1608Metric_Pad0.98x0.95mm_HandSolder","~"
"C15","10n","Capacitor_SMD:C_0603_1608Metric_Pad1.08x0.95mm_HandSolder","~"
"R5","1k","Resistor_SMD:R_0603_1608Metric_Pad0.98x0.95mm_HandSolder","~"
"R2","100k","Resistor_SMD:R_0603_1608Metric_Pad0.98x0.95mm_HandSolder","~"
"R6","1k","Resistor_SMD:R_0603_1608Metric_Pad0.98x0.95mm_HandSolder","~"
"R8","100k","Resistor_SMD:R_0603_1608Metric_Pad0.98x0.95mm_HandSolder","~"
"C11","10n","Capacitor_SMD:C_0603_1608Metric_Pad1.08x0.95mm_HandSolder","~"
"R10","1k","Resistor_SMD:R_0603_1608Metric_Pad0.98x0.95mm_HandSolder","~"
"C16","10n","Capacitor_SMD:C_0603_1608Metric_Pad1.08x0.95mm_HandSolder","~"
"C7","0.15u","Capacitor_SMD:C_0603_1608Metric_Pad1.08x0.95mm_HandSolder","~"
"C8","10u 16V","Capacitor_SMD:CP_Elec_4x5.3","~"
"U1","LM3940IMP-3.3_NOPB","Package_TO_SOT_SMD:SOT-223","http://www.ti.com/lit/ds/symlink/lm3940.pdf","LM3940IMP-3.3/NOPB","https://www.arrow.com/en/products/lm3940imp-3.3nopb/texas-instruments","LM3940IMP-3.3/NOPB, Low Dropout Voltage Regulator, 1A, 3.3 V, 4.5  7.5 Vin, 4-Pin SOT-223","1.8","Texas Instruments","LM3940IMP-3.3/NOPB","926-LM3940IMP3.3NOPB","https://www.mouser.co.uk/ProductDetail/Texas-Instruments/LM3940IMP-33-NOPB?qs=QbsRYf82W3EIVCEt3IRFTQ%3D%3D"
"C6","33u","Capacitor_SMD:C_0603_1608Metric_Pad1.08x0.95mm_HandSolder","~"
"C1","0.47u","Capacitor_SMD:C_0603_1608Metric_Pad1.08x0.95mm_HandSolder","~"
"J3","Conn_01x18","Connector_PinHeader_2.54mm:PinHeader_1x18_P2.54mm_Vertical","~"
"J4","Conn_01x18","Connector_PinHeader_2.54mm:PinHeader_1x18_P2.54mm_Vertical","~"
"R20","10","Resistor_SMD:R_0603_1608Metric_Pad0.98x0.95mm_HandSolder","~"
"R19","10","Resistor_SMD:R_0603_1608Metric_Pad0.98x0.95mm_HandSolder","~"
